<component name="InspectionProjectProfileManager">
  <profile version="1.0">
    <option name="myName" value="Project Default" />
    <inspection_tool class="Eslint" enabled="true" level="WARNING" enabled_by_default="true" />
    <inspection_tool class="PyPackageRequirementsInspection" enabled="true" level="WARNING" enabled_by_default="true">
      <option name="ignoredPackages">
        <value>
          <list size="1">
            <item index="0" class="java.lang.String" itemvalue="pandas" />
          </list>
        </value>
      </option>
    </inspection_tool>
    <inspection_tool class="PyPep8Inspection" enabled="true" level="WEAK WARNING" enabled_by_default="true">
      <option name="ignoredErrors">
        <list>
          <option value="E111" />
        </list>
      </option>
    </inspection_tool>
    <inspection_tool class="PyUnresolvedReferencesInspection" enabled="true" level="WARNING" enabled_by_default="true">
      <option name="ignoredIdentifiers">
        <list>
          <option value="pandas" />
        </list>
      </option>
    </inspection_tool>
  </profile>
</component>