<?xml version="1.0" encoding="UTF-8"?>
<project version="4">
  <component name="ChangeListManager">
    <list default="true" id="17ef7522-ee1c-45ac-9d67-4b145df3050e" name="Changes" comment="">
      <change afterPath="$PROJECT_DIR$/.idea/.gitignore" afterDir="false" />
      <change afterPath="$PROJECT_DIR$/.idea/blockifier-csv.iml" afterDir="false" />
      <change afterPath="$PROJECT_DIR$/.idea/inspectionProfiles/Project_Default.xml" afterDir="false" />
      <change afterPath="$PROJECT_DIR$/.idea/inspectionProfiles/profiles_settings.xml" afterDir="false" />
      <change afterPath="$PROJECT_DIR$/.idea/misc.xml" afterDir="false" />
      <change afterPath="$PROJECT_DIR$/.idea/modules.xml" afterDir="false" />
      <change afterPath="$PROJECT_DIR$/.idea/vcs.xml" afterDir="false" />
      <change beforePath="$PROJECT_DIR$/README.md" beforeDir="false" afterPath="$PROJECT_DIR$/README.md" afterDir="false" />
    </list>
    <option name="SHOW_DIALOG" value="false" />
    <option name="HIGHLIGHT_CONFLICTS" value="true" />
    <option name="HIGHLIGHT_NON_ACTIVE_CHANGELIST" value="false" />
    <option name="LAST_RESOLUTION" value="IGNORE" />
  </component>
  <component name="Git.Settings">
    <option name="RECENT_GIT_ROOT_PATH" value="$PROJECT_DIR$" />
  </component>
  <component name="GitSEFilterConfiguration">
    <file-type-list>
      <filtered-out-file-type name="LOCAL_BRANCH" />
      <filtered-out-file-type name="REMOTE_BRANCH" />
      <filtered-out-file-type name="TAG" />
      <filtered-out-file-type name="COMMIT_BY_MESSAGE" />
    </file-type-list>
  </component>
  <component name="HighlightingSettingsPerFile">
    <setting file="file://$PROJECT_DIR$/test/test_api.py" root0="FORCE_HIGHLIGHTING" />
  </component>
  <component name="MarkdownSettingsMigration">
    <option name="stateVersion" value="1" />
  </component>
  <component name="ProjectId" id="27yVZGTj2mcqUZmaTeSFJzCS7ZW" />
  <component name="ProjectViewState">
    <option name="hideEmptyMiddlePackages" value="true" />
    <option name="showLibraryContents" value="true" />
  </component>
  <component name="PropertiesComponent">
    <property name="ASKED_SHARE_PROJECT_CONFIGURATION_FILES" value="true" />
    <property name="RunOnceActivity.OpenProjectViewOnStart" value="true" />
    <property name="RunOnceActivity.ShowReadmeOnStart" value="true" />
    <property name="SHARE_PROJECT_CONFIGURATION_FILES" value="true" />
    <property name="WebServerToolWindowFactoryState" value="false" />
    <property name="last_opened_file_path" value="$PROJECT_DIR$" />
    <property name="node.js.detected.package.eslint" value="true" />
    <property name="node.js.selected.package.eslint" value="(autodetect)" />
    <property name="settings.editor.selected.configurable" value="com.jetbrains.python.configuration.PyActiveSdkModuleConfigurable" />
  </component>
  <component name="RunManager" selected="Python tests.Python tests for test_api.test_two_tags">
    <configuration name="Python tests for test_api.test_converter" type="tests" factoryName="Autodetect" temporary="true" nameIsGenerated="true">
      <module name="blockifier-csv" />
      <option name="INTERPRETER_OPTIONS" value="" />
      <option name="PARENT_ENVS" value="true" />
      <option name="SDK_HOME" value="" />
      <option name="WORKING_DIRECTORY" value="$PROJECT_DIR$/test" />
      <option name="IS_MODULE_SDK" value="true" />
      <option name="ADD_CONTENT_ROOTS" value="true" />
      <option name="ADD_SOURCE_ROOTS" value="true" />
      <EXTENSION ID="PythonCoverageRunConfigurationExtension" runner="coverage.py" />
      <option name="_new_additionalArguments" value="&quot;&quot;" />
      <option name="_new_target" value="&quot;test_api.test_converter&quot;" />
      <option name="_new_targetType" value="&quot;PYTHON&quot;" />
      <method v="2" />
    </configuration>
    <configuration name="Python tests for test_api.test_two_tags" type="tests" factoryName="Autodetect" temporary="true" nameIsGenerated="true">
      <module name="blockifier-csv" />
      <option name="INTERPRETER_OPTIONS" value="" />
      <option name="PARENT_ENVS" value="true" />
      <option name="SDK_HOME" value="" />
      <option name="WORKING_DIRECTORY" value="$PROJECT_DIR$/test" />
      <option name="IS_MODULE_SDK" value="true" />
      <option name="ADD_CONTENT_ROOTS" value="true" />
      <option name="ADD_SOURCE_ROOTS" value="true" />
      <EXTENSION ID="PythonCoverageRunConfigurationExtension" runner="coverage.py" />
      <option name="_new_additionalArguments" value="&quot;&quot;" />
      <option name="_new_target" value="&quot;test_api.test_two_tags&quot;" />
      <option name="_new_targetType" value="&quot;PYTHON&quot;" />
      <method v="2" />
    </configuration>
    <configuration name="Python tests for test_csv_escaping.test_escape_quote" type="tests" factoryName="Autodetect" temporary="true" nameIsGenerated="true">
      <module name="blockifier-csv" />
      <option name="INTERPRETER_OPTIONS" value="" />
      <option name="PARENT_ENVS" value="true" />
      <option name="SDK_HOME" value="" />
      <option name="WORKING_DIRECTORY" value="$PROJECT_DIR$/test" />
      <option name="IS_MODULE_SDK" value="true" />
      <option name="ADD_CONTENT_ROOTS" value="true" />
      <option name="ADD_SOURCE_ROOTS" value="true" />
      <EXTENSION ID="PythonCoverageRunConfigurationExtension" runner="coverage.py" />
      <option name="_new_additionalArguments" value="&quot;&quot;" />
      <option name="_new_target" value="&quot;test_csv_escaping.test_escape_quote&quot;" />
      <option name="_new_targetType" value="&quot;PYTHON&quot;" />
      <method v="2" />
    </configuration>
    <configuration name="Test" type="tests" factoryName="py.test">
      <module name="blockifier-csv" />
      <option name="INTERPRETER_OPTIONS" value="" />
      <option name="PARENT_ENVS" value="true" />
      <option name="SDK_HOME" value="$PROJECT_DIR$/.venv/bin/python" />
      <option name="WORKING_DIRECTORY" value="" />
      <option name="IS_MODULE_SDK" value="false" />
      <option name="ADD_CONTENT_ROOTS" value="true" />
      <option name="ADD_SOURCE_ROOTS" value="true" />
      <EXTENSION ID="PythonCoverageRunConfigurationExtension" runner="coverage.py" />
      <option name="_new_keywords" value="&quot;&quot;" />
      <option name="_new_parameters" value="&quot;&quot;" />
      <option name="_new_additionalArguments" value="&quot;&quot;" />
      <option name="_new_target" value="&quot;$PROJECT_DIR$/test&quot;" />
      <option name="_new_targetType" value="&quot;PATH&quot;" />
      <method v="2" />
    </configuration>
    <list>
      <item itemvalue="Python tests.Test" />
      <item itemvalue="Python tests.Python tests for test_api.test_converter" />
      <item itemvalue="Python tests.Python tests for test_api.test_two_tags" />
      <item itemvalue="Python tests.Python tests for test_csv_escaping.test_escape_quote" />
    </list>
    <recent_temporary>
      <list>
        <item itemvalue="Python tests.Python tests for test_api.test_two_tags" />
        <item itemvalue="Python tests.Python tests for test_csv_escaping.test_escape_quote" />
        <item itemvalue="Python tests.Python tests for test_api.test_converter" />
      </list>
    </recent_temporary>
  </component>
  <component name="SpellCheckerSettings" RuntimeDictionaries="0" Folders="0" CustomDictionaries="0" DefaultDictionary="application-level" UseSingleDictionary="true" transferred="true" />
  <component name="TaskManager">
    <task active="true" id="Default" summary="Default task">
      <changelist id="17ef7522-ee1c-45ac-9d67-4b145df3050e" name="Changes" comment="" />
      <created>1650292367129</created>
      <option name="number" value="Default" />
      <option name="presentableId" value="Default" />
      <updated>1650292367129</updated>
      <workItem from="1650292368571" duration="11140000" />
    </task>
    <servers />
  </component>
  <component name="TypeScriptGeneratedFilesManager">
    <option name="version" value="3" />
  </component>
  <component name="Vcs.Log.Tabs.Properties">
    <option name="TAB_STATES">
      <map>
        <entry key="MAIN">
          <value>
            <State />
          </value>
        </entry>
      </map>
    </option>
  </component>
  <component name="XDebuggerManager">
    <breakpoint-manager>
      <breakpoints>
        <line-breakpoint enabled="true" suspend="THREAD" type="python-line">
          <url>file://$PROJECT_DIR$/test/test_api.py</url>
          <line>32</line>
          <option name="timeStamp" value="6" />
        </line-breakpoint>
        <line-breakpoint enabled="true" suspend="THREAD" type="python-line">
          <url>file://$PROJECT_DIR$/src/api.py</url>
          <line>43</line>
          <option name="timeStamp" value="8" />
        </line-breakpoint>
      </breakpoints>
    </breakpoint-manager>
  </component>
  <component name="com.intellij.coverage.CoverageDataManagerImpl">
    <SUITE FILE_PATH="coverage/blockifier_csv$Test.coverage" NAME="Test Coverage Results" MODIFIED="1650292945473" SOURCE_PROVIDER="com.intellij.coverage.DefaultCoverageFileProvider" RUNNER="coverage.py" COVERAGE_BY_TEST_ENABLED="true" COVERAGE_TRACING_ENABLED="false" WORKING_DIRECTORY="" />
    <SUITE FILE_PATH="coverage/blockifier_csv$.coverage" NAME=" Coverage Results" MODIFIED="1650295584235" SOURCE_PROVIDER="com.intellij.coverage.DefaultCoverageFileProvider" RUNNER="coverage.py" COVERAGE_BY_TEST_ENABLED="true" COVERAGE_TRACING_ENABLED="false" WORKING_DIRECTORY="$PROJECT_DIR$/test" />
  </component>
</project>